"BMQDV href","NhWcC src","biGQs","biGQs 2","evwcZ","BMQDV href 3","biGQs 3","AVYYu","AVYYu 2","AVYYu 3","AVYYu 4","BMQDV href 4","TPuys src"
"https://www.tripadvisor.in/Hotel_Review-g297689-d455497-Reviews-Jaypee_Residency_Manor-Mussoorie_Dehradun_District_Uttarakhand.html","https://dynamic-media-cdn.tripadvisor.com/media/photo-o/2c/20/bc/25/facade.jpg?w=300&h=300&s=1","1. Jaypee Residency Manor","4.7","4.7 of 5 bubbles","https://www.tripadvisor.in/Hotel_Review-g297689-d455497-Reviews-Jaypee_Residency_Manor-Mussoorie_Dehradun_District_Uttarakhand.html#REVIEWS","(3,137 reviews)","Romantic","Park View","Classic","Breakfast included","",""
"https://www.tripadvisor.in/Hotel_Review-g297689-d735214-Reviews-Hotel_Vishnu_Palace-Mussoorie_Dehradun_District_Uttarakhand.html","https://dynamic-media-cdn.tripadvisor.com/media/photo-o/0f/8a/c2/7d/reception-with-all-embracing.jpg?w=300&h=300&s=1","2. Hotel Vishnu Palace","4.5","4.5 of 5 bubbles","https://www.tripadvisor.in/Hotel_Review-g297689-d735214-Reviews-Hotel_Vishnu_Palace-Mussoorie_Dehradun_District_Uttarakhand.html#REVIEWS","(3,353 reviews)","Family","Modern","Business","Breakfast included","https://www.tripadvisor.in/Hotel_Review-g297689-d735214-Reviews-Hotel_Vishnu_Palace-Mussoorie_Dehradun_District_Uttarakhand.html","https://static.tacdn.com/img2/brand_refresh_2025/travelers_choice/badges/2025/2025_TC_Badge_Large.svg"
"https://www.tripadvisor.in/Hotel_Review-g297689-d10791160-Reviews-Country_Inn_Premier_Pacific_Resort_Mussoorie-Mussoorie_Dehradun_District_Uttarakhand.html","https://dynamic-media-cdn.tripadvisor.com/media/photo-o/28/e9/00/7f/facade-evening.jpg?w=300&h=300&s=1","3. Country Inn Premier Pacific Resort, Mussoorie","4.4","4.4 of 5 bubbles","https://www.tripadvisor.in/Hotel_Review-g297689-d10791160-Reviews-Country_Inn_Premier_Pacific_Resort_Mussoorie-Mussoorie_Dehradun_District_Uttarakhand.html#REVIEWS","(297 reviews)","Romantic","Trendy","Business","","https://www.tripadvisor.in/Hotel_Review-g297689-d10791160-Reviews-Country_Inn_Premier_Pacific_Resort_Mussoorie-Mussoorie_Dehradun_District_Uttarakhand.html","https://static.tacdn.com/img2/brand_refresh_2025/travelers_choice/badges/2025/2025_TC_Badge_Large.svg"
"https://www.tripadvisor.in/Hotel_Review-g297689-d23661513-Reviews-Pride_Ashiyana_Resort_Mussoorie-Mussoorie_Dehradun_District_Uttarakhand.html","https://dynamic-media-cdn.tripadvisor.com/media/photo-o/31/77/35/84/caption.jpg?w=300&h=300&s=1","4. Pride Ashiyana Resort Mussoorie","4.9","4.9 of 5 bubbles","https://www.tripadvisor.in/Hotel_Review-g297689-d23661513-Reviews-Pride_Ashiyana_Resort_Mussoorie-Mussoorie_Dehradun_District_Uttarakhand.html#REVIEWS","(795 reviews)","Romantic","Family","Quaint","Breakfast included","https://www.tripadvisor.in/Hotel_Review-g297689-d23661513-Reviews-Pride_Ashiyana_Resort_Mussoorie-Mussoorie_Dehradun_District_Uttarakhand.html","https://static.tacdn.com/img2/brand_refresh_2025/travelers_choice/badges/2025/2025_TC_Badge_Large.svg"
"https://www.tripadvisor.in/Hotel_Review-g297689-d627080-Reviews-Ramada_by_Wyndham_Mussoorie_Mall_Road-Mussoorie_Dehradun_District_Uttarakhand.html","https://dynamic-media-cdn.tripadvisor.com/media/photo-o/17/9f/4c/89/the-sylverton-mussoorie.jpg?w=300&h=300&s=1","5. Ramada by Wyndham,Mussoorie Mall Road","4.9","4.9 of 5 bubbles","https://www.tripadvisor.in/Hotel_Review-g297689-d627080-Reviews-Ramada_by_Wyndham_Mussoorie_Mall_Road-Mussoorie_Dehradun_District_Uttarakhand.html#REVIEWS","(1,940 reviews)","Romantic","Park View","Classic","Breakfast included","",""
"https://www.tripadvisor.in/Hotel_Review-g297689-d27410210-Reviews-Hotel_Mussoorie_Heights-Mussoorie_Dehradun_District_Uttarakhand.html","https://dynamic-media-cdn.tripadvisor.com/media/photo-o/2e/2f/c3/f7/caption.jpg?w=300&h=300&s=1","6. Hotel Mussoorie Heights","5.0","5 of 5 bubbles","https://www.tripadvisor.in/Hotel_Review-g297689-d27410210-Reviews-Hotel_Mussoorie_Heights-Mussoorie_Dehradun_District_Uttarakhand.html#REVIEWS","(3 reviews)","Quaint","Luxury","","","",""
"https://www.tripadvisor.in/Hotel_Review-g297689-d1149675-Reviews-Sterling_Mussoorie-Mussoorie_Dehradun_District_Uttarakhand.html","https://dynamic-media-cdn.tripadvisor.com/media/photo-o/30/7c/47/15/discover-sterling-mussoorie.jpg?w=300&h=300&s=1","7. Sterling Mussoorie","4.7","4.7 of 5 bubbles","https://www.tripadvisor.in/Hotel_Review-g297689-d1149675-Reviews-Sterling_Mussoorie-Mussoorie_Dehradun_District_Uttarakhand.html#REVIEWS","(3,905 reviews)","Romantic","Trendy","Business","","",""
"https://www.tripadvisor.in/Hotel_Review-g297689-d28043831-Reviews-Sangam_By_Stotrak_Jhula_Ghar_Mussoorie-Mussoorie_Dehradun_District_Uttarakhand.html","https://dynamic-media-cdn.tripadvisor.com/media/photo-o/2d/78/24/db/caption.jpg?w=300&h=300&s=1","8. Sangam By Stotrak, Jhula Ghar Mussoorie","5.0","5 of 5 bubbles","https://www.tripadvisor.in/Hotel_Review-g297689-d28043831-Reviews-Sangam_By_Stotrak_Jhula_Ghar_Mussoorie-Mussoorie_Dehradun_District_Uttarakhand.html#REVIEWS","(73 reviews)","Romantic","Budget","Family","","",""
"https://www.tripadvisor.in/Hotel_Review-g297689-d729978-Reviews-Tulip_Inn_Green_Castle_Hotel_Spa-Mussoorie_Dehradun_District_Uttarakhand.html","https://dynamic-media-cdn.tripadvisor.com/media/photo-o/2f/d7/53/8b/caption.jpg?w=300&h=300&s=1","9. Tulip Inn Green Castle - Hotel & Spa","3.9","3.9 of 5 bubbles","https://www.tripadvisor.in/Hotel_Review-g297689-d729978-Reviews-Tulip_Inn_Green_Castle_Hotel_Spa-Mussoorie_Dehradun_District_Uttarakhand.html#REVIEWS","(331 reviews)","Romantic","Modern","Family","","",""
"https://www.tripadvisor.in/Hotel_Review-g297689-d10465707-Reviews-Mosaic_Hotel_Mussoorie-Mussoorie_Dehradun_District_Uttarakhand.html","https://dynamic-media-cdn.tripadvisor.com/media/photo-o/15/5b/f4/50/open-air-grill-restaurant.jpg?w=300&h=300&s=1","10. Mosaic Hotel Mussoorie","4.8","4.8 of 5 bubbles","https://www.tripadvisor.in/Hotel_Review-g297689-d10465707-Reviews-Mosaic_Hotel_Mussoorie-Mussoorie_Dehradun_District_Uttarakhand.html#REVIEWS","(1,619 reviews)","Romantic","Boutique","Great View","Breakfast included","",""
"https://www.tripadvisor.in/Hotel_Review-g297689-d24180038-Reviews-The_Hosteller_Mussoorie_Mall_Road-Mussoorie_Dehradun_District_Uttarakhand.html","https://dynamic-media-cdn.tripadvisor.com/media/photo-o/29/88/99/a3/the-hosteller-mussoorie.jpg?w=300&h=300&s=1","11. The Hosteller Mussoorie, Mall Road","4.5","4.5 of 5 bubbles","https://www.tripadvisor.in/Hotel_Review-g297689-d24180038-Reviews-The_Hosteller_Mussoorie_Mall_Road-Mussoorie_Dehradun_District_Uttarakhand.html#REVIEWS","(84 reviews)","Romantic","Quaint","Charming","","https://www.tripadvisor.in/Hotel_Review-g297689-d24180038-Reviews-The_Hosteller_Mussoorie_Mall_Road-Mussoorie_Dehradun_District_Uttarakhand.html","https://static.tacdn.com/img2/brand_refresh_2025/travelers_choice/badges/2025/2025_TC_Badge_Large.svg"
"https://www.tripadvisor.in/Hotel_Review-g297689-d736251-Reviews-The_Fern_Brentwood_Resort_Mussoorie_Series_by_Marriott-Mussoorie_Dehradun_District_Utta.html","https://dynamic-media-cdn.tripadvisor.com/media/photo-o/1c/e3/c4/57/the-hotel-view.jpg?w=300&h=300&s=1","12. The Fern Brentwood Resort Mussoorie, Series by Marriott","4.8","4.8 of 5 bubbles","https://www.tripadvisor.in/Hotel_Review-g297689-d736251-Reviews-The_Fern_Brentwood_Resort_Mussoorie_Series_by_Marriott-Mussoorie_Dehradun_District_Utta.html#REVIEWS","(1,734 reviews)","Romantic","Classic","Trendy","Breakfast included","https://www.tripadvisor.in/Hotel_Review-g297689-d736251-Reviews-The_Fern_Brentwood_Resort_Mussoorie_Series_by_Marriott-Mussoorie_Dehradun_District_Utta.html","https://static.tacdn.com/img2/brand_refresh_2025/travelers_choice/badges/2025/2025_TC_Badge_Large.svg"
"https://www.tripadvisor.in/Hotel_Review-g297689-d26392247-Reviews-The_Palm_Aryan_Mussoorie_A_Boutique_Hotel-Mussoorie_Dehradun_District_Uttarakhand.html","https://dynamic-media-cdn.tripadvisor.com/media/photo-o/2c/7c/34/1c/palm-aryan-mussoorie.jpg?w=300&h=300&s=1","13. The Palm Aryan Mussoorie - A Boutique Hotel","4.5","4.5 of 5 bubbles","https://www.tripadvisor.in/Hotel_Review-g297689-d26392247-Reviews-The_Palm_Aryan_Mussoorie_A_Boutique_Hotel-Mussoorie_Dehradun_District_Uttarakhand.html#REVIEWS","(26 reviews)","Romantic","Boutique","Family","","",""
"https://www.tripadvisor.in/Hotel_Review-g297689-d23485222-Reviews-Madhuban_Sarovar_Portico_Mussoorie-Mussoorie_Dehradun_District_Uttarakhand.html","https://dynamic-media-cdn.tripadvisor.com/media/photo-o/31/a2/57/4f/valley-view-room.jpg?w=300&h=300&s=1","14. Madhuban Sarovar Portico Mussoorie","4.8","4.8 of 5 bubbles","https://www.tripadvisor.in/Hotel_Review-g297689-d23485222-Reviews-Madhuban_Sarovar_Portico_Mussoorie-Mussoorie_Dehradun_District_Uttarakhand.html#REVIEWS","(1,234 reviews)","Romantic","City View","Family","","",""
"https://www.tripadvisor.in/Hotel_Review-g297689-d736189-Reviews-Hotel_Padmini_Nivas-Mussoorie_Dehradun_District_Uttarakhand.html","https://dynamic-media-cdn.tripadvisor.com/media/photo-o/08/b4/08/f7/hotel-padmini-nivas.jpg?w=300&h=300&s=1","15. Hotel Padmini Nivas","4.5","4.5 of 5 bubbles","https://www.tripadvisor.in/Hotel_Review-g297689-d736189-Reviews-Hotel_Padmini_Nivas-Mussoorie_Dehradun_District_Uttarakhand.html#REVIEWS","(824 reviews)","Romantic","Park View","Classic","","https://www.tripadvisor.in/Hotel_Review-g297689-d736189-Reviews-Hotel_Padmini_Nivas-Mussoorie_Dehradun_District_Uttarakhand.html","https://static.tacdn.com/img2/brand_refresh_2025/travelers_choice/badges/2025/2025_TC_Badge_Large.svg"
"https://www.tripadvisor.in/Hotel_Review-g297689-d28473726-Reviews-Lemon_Tree_Resort_Mussoorie-Mussoorie_Dehradun_District_Uttarakhand.html","https://dynamic-media-cdn.tripadvisor.com/media/photo-o/2d/f0/6e/61/lobby.jpg?w=300&h=300&s=1","16. Lemon Tree Resort, Mussoorie","4.9","4.9 of 5 bubbles","https://www.tripadvisor.in/Hotel_Review-g297689-d28473726-Reviews-Lemon_Tree_Resort_Mussoorie-Mussoorie_Dehradun_District_Uttarakhand.html#REVIEWS","(249 reviews)","Romantic","Quaint","Business","Breakfast included","",""
"https://www.tripadvisor.in/Hotel_Review-g297689-d14085475-Reviews-The_Mountain_Quail_Hotel_Resort-Mussoorie_Dehradun_District_Uttarakhand.html","https://dynamic-media-cdn.tripadvisor.com/media/photo-o/2b/fc/55/43/property-exterior.jpg?w=300&h=300&s=1","17. The Mountain Quail Hotel & Resort","4.7","4.7 of 5 bubbles","https://www.tripadvisor.in/Hotel_Review-g297689-d14085475-Reviews-The_Mountain_Quail_Hotel_Resort-Mussoorie_Dehradun_District_Uttarakhand.html#REVIEWS","(533 reviews)","Romantic","Trendy","Business","Breakfast included","https://www.tripadvisor.in/Hotel_Review-g297689-d14085475-Reviews-The_Mountain_Quail_Hotel_Resort-Mussoorie_Dehradun_District_Uttarakhand.html","https://static.tacdn.com/img2/brand_refresh_2025/travelers_choice/badges/2025/2025_TC_Badge_Large.svg"
"https://www.tripadvisor.in/Hotel_Review-g297689-d6650824-Reviews-Hotel_Sungrace-Mussoorie_Dehradun_District_Uttarakhand.html","https://dynamic-media-cdn.tripadvisor.com/media/photo-o/2b/df/93/10/caption.jpg?w=300&h=300&s=1","18. Hotel Sungrace","4.8","4.8 of 5 bubbles","https://www.tripadvisor.in/Hotel_Review-g297689-d6650824-Reviews-Hotel_Sungrace-Mussoorie_Dehradun_District_Uttarakhand.html#REVIEWS","(1,550 reviews)","Romantic","Classic","Trendy","Breakfast included","https://www.tripadvisor.in/Hotel_Review-g297689-d6650824-Reviews-Hotel_Sungrace-Mussoorie_Dehradun_District_Uttarakhand.html","https://static.tacdn.com/img2/brand_refresh_2025/travelers_choice/badges/2025/2025_TC_Badge_Large.svg"
"https://www.tripadvisor.in/Hotel_Review-g297689-d26107961-Reviews-Treebo_Raj_Mall_Road-Mussoorie_Dehradun_District_Uttarakhand.html","https://dynamic-media-cdn.tripadvisor.com/media/photo-o/29/fe/61/d0/treebo-trend-raj.jpg?w=300&h=300&s=1","19. Treebo Raj Mall Road","5.0","5 of 5 bubbles","https://www.tripadvisor.in/Hotel_Review-g297689-d26107961-Reviews-Treebo_Raj_Mall_Road-Mussoorie_Dehradun_District_Uttarakhand.html#REVIEWS","(6 reviews)","Budget","Business","Quaint","","",""
"https://www.tripadvisor.in/Hotel_Review-g297689-d2326420-Reviews-The_Oasis_Mussoorie_a_member_of_Radisson_Individuals-Mussoorie_Dehradun_District_Uttar.html","https://dynamic-media-cdn.tripadvisor.com/media/photo-o/29/27/6d/76/facade.jpg?w=300&h=300&s=1","20. The Oasis Mussoorie, a member of Radisson Individuals","4.7","4.7 of 5 bubbles","https://www.tripadvisor.in/Hotel_Review-g297689-d2326420-Reviews-The_Oasis_Mussoorie_a_member_of_Radisson_Individuals-Mussoorie_Dehradun_District_Uttar.html#REVIEWS","(2,393 reviews)","Romantic","Modern","Family","Breakfast included","",""
"https://www.tripadvisor.in/Hotel_Review-g297689-d6999469-Reviews-JW_Marriott_Mussoorie_Walnut_Grove_Resort_Spa-Mussoorie_Dehradun_District_Uttarakhand.html","https://dynamic-media-cdn.tripadvisor.com/media/photo-o/2c/c2/cd/46/aerial-view.jpg?w=300&h=300&s=1","21. JW Marriott Mussoorie Walnut Grove Resort & Spa","4.8","4.8 of 5 bubbles","https://www.tripadvisor.in/Hotel_Review-g297689-d6999469-Reviews-JW_Marriott_Mussoorie_Walnut_Grove_Resort_Spa-Mussoorie_Dehradun_District_Uttarakhand.html#REVIEWS","(4,209 reviews)","Romantic","Park View","Trendy","Breakfast included","",""
"https://www.tripadvisor.in/Hotel_Review-g297689-d4411818-Reviews-Hotel_Paradise_Mansion_Mussoorie-Mussoorie_Dehradun_District_Uttarakhand.html","https://dynamic-media-cdn.tripadvisor.com/media/photo-o/2b/db/0b/87/caption.jpg?w=300&h=300&s=1","22. Hotel Paradise Mansion, Mussoorie","4.4","4.4 of 5 bubbles","https://www.tripadvisor.in/Hotel_Review-g297689-d4411818-Reviews-Hotel_Paradise_Mansion_Mussoorie-Mussoorie_Dehradun_District_Uttarakhand.html#REVIEWS","(380 reviews)","Romantic","Trendy","Family","Breakfast included","https://www.tripadvisor.in/Hotel_Review-g297689-d4411818-Reviews-Hotel_Paradise_Mansion_Mussoorie-Mussoorie_Dehradun_District_Uttarakhand.html","https://static.tacdn.com/img2/brand_refresh_2025/travelers_choice/badges/2025/2025_TC_Badge_Large.svg"
"https://www.tripadvisor.in/Hotel_Review-g297689-d4290623-Reviews-Welcomhotel_By_ITC_Hotels_The_Savoy-Mussoorie_Dehradun_District_Uttarakhand.html","https://dynamic-media-cdn.tripadvisor.com/media/photo-o/0f/07/95/7d/welcomhotel-the-savoy.jpg?w=300&h=300&s=1","23. Welcomhotel By ITC Hotels, The Savoy","4.9","4.9 of 5 bubbles","https://www.tripadvisor.in/Hotel_Review-g297689-d4290623-Reviews-Welcomhotel_By_ITC_Hotels_The_Savoy-Mussoorie_Dehradun_District_Uttarakhand.html#REVIEWS","(5,424 reviews)","Romantic","Park View","Classic","All inclusive","",""
"https://www.tripadvisor.in/Hotel_Review-g297689-d531003-Reviews-Zone_Connect_By_The_Park_Mussoorie-Mussoorie_Dehradun_District_Uttarakhand.html","https://dynamic-media-cdn.tripadvisor.com/media/photo-o/2b/cf/15/af/caption.jpg?w=300&h=300&s=1","24. Zone Connect By The Park Mussoorie","4.5","4.5 of 5 bubbles","https://www.tripadvisor.in/Hotel_Review-g297689-d531003-Reviews-Zone_Connect_By_The_Park_Mussoorie-Mussoorie_Dehradun_District_Uttarakhand.html#REVIEWS","(821 reviews)","Romantic","Trendy","Modern","","https://www.tripadvisor.in/Hotel_Review-g297689-d531003-Reviews-Zone_Connect_By_The_Park_Mussoorie-Mussoorie_Dehradun_District_Uttarakhand.html","https://static.tacdn.com/img2/brand_refresh_2025/travelers_choice/badges/2025/2025_TC_Badge_Large.svg"
"https://www.tripadvisor.in/Hotel_Review-g297689-d1778431-Reviews-Club_Mahindra_Mussoorie-Mussoorie_Dehradun_District_Uttarakhand.html","https://dynamic-media-cdn.tripadvisor.com/media/photo-o/16/50/37/e3/club-mahindra-mussoorie.jpg?w=300&h=300&s=1","25. Club Mahindra Mussoorie","4.8","4.8 of 5 bubbles","https://www.tripadvisor.in/Hotel_Review-g297689-d1778431-Reviews-Club_Mahindra_Mussoorie-Mussoorie_Dehradun_District_Uttarakhand.html#REVIEWS","(4,090 reviews)","Romantic","Family","Charming","","",""
"https://www.tripadvisor.in/Hotel_Review-g297689-d1575197-Reviews-Fortune_Resort_Grace_Mussoorie-Mussoorie_Dehradun_District_Uttarakhand.html","https://dynamic-media-cdn.tripadvisor.com/media/photo-o/1b/79/b0/f6/fortune-resort-grace.jpg?w=300&h=300&s=1","26. Fortune Resort Grace -  Mussoorie","4.8","4.8 of 5 bubbles","https://www.tripadvisor.in/Hotel_Review-g297689-d1575197-Reviews-Fortune_Resort_Grace_Mussoorie-Mussoorie_Dehradun_District_Uttarakhand.html#REVIEWS","(2,960 reviews)","Romantic","City View","Modern","Breakfast included","",""
"https://www.tripadvisor.in/Hotel_Review-g297689-d1770043-Reviews-Mussoorie_Gateway-Mussoorie_Dehradun_District_Uttarakhand.html","https://dynamic-media-cdn.tripadvisor.com/media/photo-o/11/63/b8/69/img-20171121-102526-hdr.jpg?w=300&h=300&s=1","27. Mussoorie Gateway","4.1","4.1 of 5 bubbles","https://www.tripadvisor.in/Hotel_Review-g297689-d1770043-Reviews-Mussoorie_Gateway-Mussoorie_Dehradun_District_Uttarakhand.html#REVIEWS","(464 reviews)","Quiet","Trendy","Budget","","",""
"https://www.tripadvisor.in/Hotel_Review-g297689-d23246530-Reviews-Tree_of_Life_Highlands_Landour_Mussoorie-Mussoorie_Dehradun_District_Uttarakhand.html","https://dynamic-media-cdn.tripadvisor.com/media/photo-o/25/20/da/11/tree-of-life-highlands.jpg?w=300&h=300&s=1","28. Tree of Life Highlands, Landour-Mussoorie","4.7","4.7 of 5 bubbles","https://www.tripadvisor.in/Hotel_Review-g297689-d23246530-Reviews-Tree_of_Life_Highlands_Landour_Mussoorie-Mussoorie_Dehradun_District_Uttarakhand.html#REVIEWS","(201 reviews)","Romantic","Quaint","Mid-range","Breakfast included","https://www.tripadvisor.in/Hotel_Review-g297689-d23246530-Reviews-Tree_of_Life_Highlands_Landour_Mussoorie-Mussoorie_Dehradun_District_Uttarakhand.html","https://static.tacdn.com/img2/brand_refresh_2025/travelers_choice/badges/2025/2025_TC_Badge_Large.svg"
"https://www.tripadvisor.in/Hotel_Review-g297689-d1194830-Reviews-Royal_Orchid_Fort_Resort-Mussoorie_Dehradun_District_Uttarakhand.html","https://dynamic-media-cdn.tripadvisor.com/media/photo-o/06/eb/41/b4/royal-orchid-fort-resort.jpg?w=300&h=300&s=1","29. Royal Orchid Fort Resort","4.8","4.8 of 5 bubbles","https://www.tripadvisor.in/Hotel_Review-g297689-d1194830-Reviews-Royal_Orchid_Fort_Resort-Mussoorie_Dehradun_District_Uttarakhand.html#REVIEWS","(3,208 reviews)","Romantic","City View","Modern","","",""
"https://www.tripadvisor.in/Hotel_Review-g297689-d13565384-Reviews-Hotel_Highland_By_DLS_Hotels-Mussoorie_Dehradun_District_Uttarakhand.html","https://dynamic-media-cdn.tripadvisor.com/media/photo-o/2b/19/b2/3a/premium.jpg?w=300&h=300&s=1","30. Hotel Highland By DLS Hotels","4.7","4.7 of 5 bubbles","https://www.tripadvisor.in/Hotel_Review-g297689-d13565384-Reviews-Hotel_Highland_By_DLS_Hotels-Mussoorie_Dehradun_District_Uttarakhand.html#REVIEWS","(445 reviews)","Romantic","Boutique","Great View","Breakfast included","https://www.tripadvisor.in/Hotel_Review-g297689-d13565384-Reviews-Hotel_Highland_By_DLS_Hotels-Mussoorie_Dehradun_District_Uttarakhand.html","https://static.tacdn.com/img2/brand_refresh_2025/travelers_choice/badges/2025/2025_TC_Badge_Large.svg"